Id,Value (M)
280,16.51822936334156
569,16.34970215321755
8731,0.955923988943141
10085,0.23842081616840005
9831,0.46396629308674164
7346,0.7684562938893578
10496,0.598946166771384
8318,1.0797467986349147
17589,-0.23880519507201825
3615,2.5120563952814337
1303,5.737892866994116
9425,0.7162586692729747
108,28.95114334297341
15757,0.37600028157339693
8768,0.5313751679577763
15149,0.25536180390645313
3442,2.415032994388639
11995,0.5081853397068699
6585,1.0336694503866966
18,48.2808125161182
15182,0.2522913351067473
14631,0.35998681053115433
2324,3.884797345840525
1614,5.948353800719815
17085,0.14475900433262723
8561,0.5172860975553704
8122,0.47670771802677336
412,8.780364054365236
2249,7.111534480268347
2685,4.507192617923465
16094,0.10555997127903538
14387,0.4139683548391986
12257,0.8089483587982613
2013,4.5829251624027165
3988,3.682270542515653
5369,1.2729328512659777
13790,0.3326105875394205
482,11.576953604847404
7328,1.6877224788340754
17121,0.14317467969613062
13305,0.3799799312992036
16634,0.04922600385998521
16766,0.10122168923862773
11989,0.4498212908374626
177,14.599385706890644
16628,0.15829664893408335
8120,1.0574258702627048
4069,3.9799482498792713
5618,3.0160538814825486
11309,0.6441280829758398
15007,0.3280526556782206
2019,6.281666019728618
10905,0.19341978697502782
14866,0.48303485522137635
2099,6.037271719957971
14183,0.4897297748912024
3839,2.415032994388639
9164,0.3373828671292358
15227,0.4603051585809226
3374,4.0828049020792605
5413,2.4375753078065827
16516,0.3043675287053702
13373,0.578062290050184
8823,0.3289523999492303
11210,0.17646320815129002
11486,0.1847089921038787
2443,3.36804091581962
7564,0.6858823277079864
4263,1.6994558610977037
3405,4.098455140651822
14382,0.5521881387112444
2662,2.7275079999171794
2816,3.058241890591489
5927,1.6071374279281372
15028,0.17312393039264862
8814,0.4898937018815559
12158,0.398001519753052
5833,1.5221611352617401
16331,0.4460013978105053
5905,1.7579096337876763
6523,2.579068385167375
1122,7.201637979888801
14250,0.04796360246564291
14604,0.20559359327398852
8420,0.9507093535657987
16088,0.1569269725414415
5088,1.2922168979721391
3087,2.6962723579499652
16946,0.25714965139286505
14846,0.5290561143128798
13055,0.261872631440383
3285,2.8410918115996537
2597,3.1975387612556005
9529,0.6263744330799454
1522,5.034580453154376
3987,2.1876427164252163
6902,0.7020412086430952
3108,5.074007460761095
7026,0.7020412086430952
6885,0.7516157220316018
10399,0.5269234086526922
8395,0.5172860975553704
4255,3.279475881995495
16589,0.2650370451710842
12437,0.7163955061778324
369,14.476103272289947
13474,0.13216049773927807
16333,0.2450561120358543
16219,0.32077968950852664
15651,0.23851452325925493
7171,0.8889309716732896
2709,5.400602132774111
12293,0.32714394782396994
14738,0.3190883501783901
14039,0.3084940029084464
3755,2.3789113502143664
6373,0.9619715553135393
682,8.881747272295797
7248,0.9426570298755905
8916,0.3289523999492303
6710,1.2676764018697213
14360,0.4312581270942246
5951,1.8820647415495841
3672,4.439958801406647
11867,0.3593155998905786
13995,0.2736755534178883
6502,2.0248578907639967
732,14.901053586517264
9997,0.24327125333820732
13434,0.2645718502180898
17911,0.04290836071140802
3540,4.267557795917128
8031,0.42739289869223285
14851,0.2692614141060403
12276,0.34953030505948846
16859,0.2888439858552374
3356,3.9684717644131524
10071,1.6190632239531624
7726,0.4391449721633762
128,42.6441246155091
17632,-0.11691739462457917
1991,4.940420118510701
3506,3.404262482808008
2826,4.280934294548388
10611,0.24327125333820732
2317,7.049766044475291
15582,0.3038183680446309
14400,0.268447926447152
13695,0.4796957559965449
17406,-0.0014234997133826255
9339,0.3953014869375693
2308,5.405563263354452
16785,0.24524257379471237
12846,0.41434904909783654
10930,0.553572575002363
8648,0.9356347391449162
17739,-0.1121201837549961
1926,5.6040609619822135
12966,0.5117675370502184
8075,1.1229587997304407
15741,0.32839053150473774
15823,0.4020984879180105
9944,0.5629332659091233
8440,0.5457044268996469
15613,0.25189681453503
8638,1.1122902200377212
4227,1.8917567255857648
14290,0.23929877389036847
4936,1.2140404500105433
11367,0.41951850281566294
5748,2.1820112275099746
9489,0.7456929277695963
11597,0.44640967506802554
8690,0.9453325629156097
2017,4.5829251624027165
13720,0.18703004239887377
8230,2.213448634670385
14558,0.3388702631682463
17767,-0.09274729552544159
2312,4.260293455649844
11285,0.5047798829336898
667,10.492228616146349
9347,0.8167741436127471
12638,0.6131280063864324
9537,0.6622490199379172
9430,0.6897358845026247
11439,0.3054149143108589
576,15.412080993687596
1110,11.241213528265689
5741,2.548992474135048
11870,0.41951850281566294
3219,3.3385802230122863
189,20.952174371567708
543,16.2646265217345
4129,2.329935553433643
14005,0.4796957559965449
4651,2.5859407020043363
15380,0.3361294207652463
10400,0.5414425612043487
2605,4.3713053822948496
9403,0.9916744824085981
16181,0.2145343233469248
5687,1.2922168979721391
2290,3.4064181153889876
6829,0.6858823277079864
6436,1.1254147659428781
15170,0.2531854998896961
17070,0.14317467969613062
12526,0.17513263840464788
10642,0.5087488051294713
1666,5.782073879629934
2270,3.7977576894054437
17842,-0.14896145087823243
4664,3.0673101943766596
16081,0.28971457490570174
5018,1.3678198175266516
5415,1.8709162456952981
8459,1.1245536477226779
2459,3.982367422447169
16656,0.14417784997294802
782,11.905500627800393
14443,0.17312393039264862
13069,0.4419008512495566
16997,0.1843295988483078
3159,3.5897245546302656
14031,0.38373742497878993
7187,1.380284188294354
15318,0.13778946492766408
14057,0.4747716347783353
13453,0.17261382073866116
7919,0.9659664531072849
5872,0.8733264167249217
11583,0.1847089921038787
6783,0.871583313289193
6034,1.0696800506420914
5503,1.3678198175266516
7440,0.7516157220316018
4985,1.8921432123324848
17636,-0.07799227756095206
14213,0.45690464306335343
11889,0.19341978697502782
12611,0.1527901822273634
13747,0.11148286956540687
12772,0.17513263840464788
2212,4.821573056055968
5939,1.388137079245098
2199,4.5033064141762225
1138,9.920150627215662
13541,0.5006195037794896
7835,1.0168629752233755
6615,1.8460236267719665
10564,0.23842081616840005
15017,0.37079749265922146
8660,1.0168218516491834
9411,0.3289523999492303
9886,0.36897375825083145
14792,0.24385297430580977
10796,0.49749452821652085
8362,1.104972488851672
9191,0.6345215047849706
7031,1.2985601311384016
10019,0.239579933972891
4991,1.2338539351485451
6147,1.3822989583213712
6087,1.265721583165032
11941,0.44640967506802554
15919,0.2932292971536299
15530,0.3553315453909818
16296,0.32077968950852664
13463,0.2877070491495033
845,8.290662956403139
17318,-0.03669252585586946
9532,0.7943453269917882
1442,7.373985856168474
6462,1.7772589714304559
11749,0.38369625114228256
1265,5.828217185619906
3702,4.599986416754291
13936,0.11148286956540687
16182,0.21395748546365212
7790,0.4899284974753755
3499,4.4342279288621285
8806,0.6974479089485612
3476,3.9464177516647396
10542,0.7689592174583595
321,24.288661726191094
16544,0.15849995095868508
563,15.34467492372005
10474,0.47686648614853766
16125,0.37771464652996656
10801,0.5234209933851162
5090,2.554147786025169
14050,0.45690464306335343
13113,0.0920492122104406
15029,0.37079749265922146
1831,6.745943587616239
6713,1.0536179852651912
11683,0.4056421113500619
243,19.22123350088168
92,37.82491229647076
1326,4.5458461918688045
7539,1.3986541710046367
6245,0.9619715553135393
6805,1.2486662069068188
8024,1.1011059845995987
4176,2.8009661628902904
12556,0.38109842010544526
6628,0.9441463479752201
17109,0.27892062814589735
7145,0.7854273086568355
8431,0.9862186002437738
4992,2.2049177262606463
15353,0.2876955102155989
1758,8.20997350183552
2870,3.2651265006652466
7530,0.7516157220316018
13372,0.21347904726735578
11955,0.43656513895348326
17456,0.08694155696593953
9727,0.6897358845026247
5717,1.3678198175266516
10952,0.44640967506802554
334,19.744155207700715
11544,0.3804002353181204
8083,0.4512948022211276
10377,0.239579933972891
13448,0.3332948695106097
10476,0.47686648614853766
511,12.577932902176144
2288,3.9915171203692807
9288,0.7793188760124394
4715,2.6288530286556124
5103,1.4947989417205463
8111,0.9395222344255671
1556,9.348303617517558
9644,0.6263744330799454
12850,0.3540237785100544
13147,0.45724827265166823
9440,0.3289523999492303
14492,0.2692614141060403
7535,0.6858823277079864
137,30.20413271295638
5661,1.3863634302770151
2070,3.835307821152128
12348,0.2743783814194103
6835,1.6030345101980856
14987,0.4511925281776712
14092,0.6475967750093332
7284,1.4108042853267762
13970,0.7778858684987426
2178,5.5645766027600985
568,14.560673387896713
10149,0.5232732763042804
1045,6.699711857342663
42,42.22437975309094
2973,7.093280247988332
11837,0.5873957938247258
8625,0.9078937543827124
16130,0.2450561120358543
12889,0.3070145600659089
2314,3.835307821152128
4149,1.9761794904561611
10342,0.5134023837681525
12541,0.3359768942982555
1183,8.958170657127084
9319,0.3462184574937055
10697,0.4927584839724659
9234,0.3462184574937055
2722,4.8398624393312275
16346,0.2137154936690422
9499,0.7793188760124394
6826,1.2246275987281479
15431,0.2761927956571526
17184,0.07331909517324675
801,5.9574547132151565
2468,7.49842799767157
9698,0.3554265529683107
13652,0.4316046765097781
4750,1.8189485742705074
10046,0.6889514962467729
10206,0.23777417332621553
13242,0.3081444505123727
16425,0.38116371244996117
6196,1.798081264344546
6404,1.709390627126595
10464,0.24121065063172864
3133,2.9603404318268076
8846,0.4898937018815559
15800,0.48150754209291335
4668,2.6476255231109462
689,8.234615359659983
5165,1.3113413710898385
14209,0.23929877389036847
7629,1.2877300380796441
9780,0.37482546973933495
1457,5.954948937346671
12444,0.30150904664060363
2800,3.1383390489218073
6223,1.0696800506420914
597,16.13011682870365
11041,0.39428825823506486
11705,0.19341978697502782
16157,0.21395748546365212
4097,1.720329641096214
3291,2.8143209360432593
9069,0.7793188760124394
448,18.292705213353656
8965,0.6447395847435473
13139,0.21347904726735578
13598,0.2767622926230615
14236,0.4178924329326037
15158,0.2863416930931635
15389,0.41991783311186737
4676,2.0080462475025342
36,54.95396857245305
254,17.13591404786075
17354,-0.07760539938954025
17753,-0.06528984315536945
13761,0.1752348641430217
14780,0.4770638028649046
9102,0.32095880344513716
14647,0.4139683548391986
491,12.447945289351082
6977,1.280742645511964
12131,0.32797364088128234
15481,0.27814161278092797
11379,0.3075684932309741
11533,0.17646320815129002
12657,0.32443025348129595
15162,0.31137180918176455
10191,0.23842081616840005
6141,1.2468829238287071
15307,0.40130265833158774
12456,0.398001519753052
6764,0.6541940891484046
14279,0.23929877389036847
3994,2.340670505277558
9132,0.7831971989589874
10561,0.23842081616840005
15648,0.4200552271950073
8641,0.5034624326372068
8324,0.4899284974753755
3036,2.9815054386936026
15859,0.32839053150473774
13143,0.2645718502180898
13582,0.13216049773927807
2444,3.8170105361286915
5884,1.123721127166391
9413,0.7616412447541734
16527,-0.09520322105436207
11203,0.41951850281566294
7965,1.252509210572498
8737,1.554213330143284
12512,0.4158899813564858
14999,0.2605912215776698
10139,0.5087488051294713
6518,1.7192545874213465
13809,0.26391354034512915
17322,0.06691644222973991
6342,1.7407016699517044
13233,0.31095340305273567
5723,1.6311826501050746
298,14.77571185920624
13600,0.6108306019532392
11536,0.3868931316474118
9076,0.32095880344513716
2164,4.000065963068664
9576,0.3289523999492303
13839,0.23929877389036847
778,11.148490424800002
10140,0.4001341818520814
1195,11.204607580491029
11000,0.4975005345995669
1337,5.762664619695897
14776,0.48388382688517595
16719,0.1326019705093131
3749,3.9103752024320784
15083,0.4719079048891217
11490,0.1847089921038787
5192,1.3863634302770151
535,16.964729186730438
9469,0.3373828671292358
16860,0.09867126199333143
2129,3.962180218776666
5182,1.423044797710645
16083,0.28395002969864436
2339,3.7977576894054437
10586,0.23842081616840005
12641,0.31409154168886744
2806,2.9815054386936026
15246,0.4289203132657349
5701,2.430506370053081
16757,0.10122168923862773
9849,0.5701876412649654
9610,0.504689042730206
15011,0.3280526556782206
4445,1.8189485742705074
3773,2.2115251239529243
503,11.644526799283085
14707,0.3190883501783901
288,16.666288279863693
4773,1.9598459907656434
16559,0.2650370451710842
3357,2.3207053208761863
400,18.626003077429232
15250,0.48119639590095176
1565,6.196728864081706
16165,0.2145343233469248
14799,0.2692614141060403
16810,0.027538841838577355
15222,0.2522913351067473
12061,0.1527901822273634
4984,1.994528312768125
6386,0.9086380572052803
17924,0.05772182710006746
3501,2.137611456929335
9605,0.3554265529683107
9150,0.5206688742082406
2190,5.611365071855289
14853,0.4124280020268998
8452,0.47670771802677336
5436,1.3678198175266516
8607,1.0271004190299209
9876,0.23842081616840005
8853,0.7299235788459555
9748,0.7262335022614934
6629,1.5320766414961327
3937,2.137611456929335
12226,0.17513263840464788
630,14.904232221190796
6016,1.2690339016271537
3121,3.0214011889993344
11651,0.5168092089670608
10975,0.3804002353181204
10234,0.47249065969754156
9408,0.32095880344513716
1446,7.177199774924702
16252,0.24241755273124
6073,0.9619715553135393
17047,0.14475900433262723
8171,0.4899284974753755
16281,0.2450561120358543
8749,0.4391449721633762
15658,0.2990920828860908
760,13.86151716299446
8457,0.9319434179569726
1141,11.523417077079102
12853,0.17513263840464788
7721,0.9412507200258915
9331,0.3289523999492303
10486,0.41309821989580087
6174,0.997750101037127
5445,1.2338539351485451
11143,0.19341978697502782
15964,0.36966300722724554
7080,0.8828383804220721
13824,0.23929877389036847
833,13.03412000893968
6770,0.9579442691947406
545,15.72909316048117
17714,-0.06528984315536945
9781,0.6622490199379172
9520,0.6919114726997577
12658,0.17513263840464788
12648,0.32470402399212617
9095,0.6622490199379172
15319,0.2761927956571526
183,20.91488731656227
15372,0.25536180390645313
5069,2.3467921172496062
10659,0.5134023837681525
10623,0.6669651883066763
13915,0.1752348641430217
6869,1.2475721469609198
14198,0.49577464474077715
3608,2.4491810405024808
11830,0.4123763147445061
16155,0.28262161996190116
4838,3.7510210926639047
7380,0.6541940891484046
6243,0.9263679099540241
4317,1.9922454745183131
17558,0.032582797198301705
7439,0.9865224636823768
10217,0.6259843889065451
12670,0.5843955549580642
14977,0.49533813205289334
9770,0.5701876412649654
16128,0.4366770097922199
8479,0.9753718490837855
8454,0.9356347391449162
6880,1.437414054119472
610,15.357996400097363
17432,-0.05876138617077231
13027,0.5117675370502184
14739,0.2659336070801146
1051,10.8659313486869
4828,1.7407992647504216
5135,2.279790893401696
8273,0.5602477710754101
11900,0.19341978697502782
4953,1.2338539351485451
3594,2.6066723765552524
6158,1.7983380448649768
16220,0.37516640688863845
10628,0.24121065063172864
144,29.4055745378364
8698,0.4899284974753755
15579,0.3041917705895685
7759,1.0981900982960724
2981,4.629015713348963
11634,0.37892075589934393
17738,0.22965539495362464
15285,0.31137180918176455
14670,0.3388702631682463
6819,0.6858823277079864
2857,4.629015713348963
16698,0.0924515181040988
11606,0.4039446790675356
7778,1.2556039092823994
6643,0.9619715553135393
5442,3.013033532778536
15997,0.2932292971536299
1856,4.265958365235747
5558,1.5642946270681932
9540,0.7995772393996958
12978,0.3332948695106097
17067,0.016056033932727587
12741,0.17513263840464788
3447,2.3207053208761863
11222,0.39998675946571893
14589,0.37079749265922146
10608,0.61409021954114
17277,-0.022160974341204565
11448,0.19341978697502782
2998,4.390249790508278
5883,1.71766160387142
1929,3.852923181141705
16063,0.41651715352873
15412,0.31137180918176455
13782,0.4897297748912024
6200,1.909335472134444
13490,0.43187455427050736
16892,0.20473817914626125
16644,0.22028832281739597
17968,0.9496090363072653
14418,0.35998681053115433
16619,0.15849995095868508
16738,0.30028446933374653
17188,-0.010715755993260245
13770,0.2699992583484345
11162,1.2312850981334122
13815,0.5114056457541665
5754,1.4411850766273346
11954,0.5081853397068699
5936,0.9263679099540241
1047,7.275039947709047
4467,2.0972899934431553
1618,7.4527740903295125
17472,-0.07059550376925472
1309,10.19319018805345
11357,0.41951850281566294
1964,5.6040609619822135
12886,0.30044825655295426
9173,0.5701876412649654
605,14.43610801964769
5669,2.1723944161285544
10024,0.239579933972891
6842,0.7516157220316018
17129,0.16731429709125223
2946,4.4134912366580465
7751,0.5457044268996469
15407,0.29659147315487644
9929,0.4321889555658345
2978,3.0214011889993344
9061,0.7204016979530934
2583,4.5033064141762225
7166,1.3057665262394949
7370,1.2857680009483374
13626,0.21347904726735578
1087,6.26451331438966
446,9.999388037505014
11994,0.5649679153875695
9409,0.7162441574191689
11507,0.553572575002363
12125,0.17513263840464788
4059,1.6564249642042341
10322,0.7004746375760078
8041,1.0121160132339355
14685,0.4880952245594017
17592,-0.11691739462457917
6866,0.8025109365744356
1466,5.622839436605318
1913,8.571082876734181
9189,0.3289523999492303
12281,0.1527901822273634
16376,0.3775836089416771
4685,3.0658951832747334
4054,1.7407992647504216
5501,1.3303130227586735
10265,0.6140022956542452
6863,0.6234221535642064
8755,0.47670771802677336
9592,0.31343294859561865
9837,0.32095880344513716
12017,0.3191570996796145
17316,-0.4414167467848529
756,14.291058674521082
4918,2.801896166239203
3611,2.1876427164252163
3841,2.300148158386037
12662,0.31848603172056755
10214,0.8594797145569828
4383,1.9432417024081587
3864,3.697305795803004
7458,0.8828383804220721
2268,3.7977576894054437
9641,0.32095880344513716
9291,0.504689042730206
5267,1.4047711726461785
1295,7.565908990488424
2772,3.5010509310313864
10302,0.903373219801324
12811,0.19795611266181368
12993,0.3523697486243691
11035,0.12733747457332356
5099,2.4028962457605303
2747,3.3287509671217776
541,18.004961844927493
785,12.937330751877198
3198,4.289369942264784
3583,3.357716338273349
961,7.206175114189136
17819,-0.14896145087823243
3245,2.8410918115996537
5446,2.50082009621201
553,17.640284869704374
3772,3.0456185216908125
14959,0.5858709703907152
10712,0.23842081616840005
10908,0.45310942129526666
5497,2.8870715534585543
5995,1.709390627126595
525,16.709859041243362
3383,2.5267237298039618
7164,1.5953179893558627
3818,2.96690209541066
8522,2.799564987327358
17444,-0.16686421638132742
3296,4.266471561641993
15521,0.48119639590095176
1501,4.908987240728493
11771,0.40871111599062715
13426,0.3030482095973639
2669,5.479461533163885
1278,5.785159750289495
12489,0.5270087548351512
6409,0.9441463479752201
13148,0.5214387733949479
6642,2.2658246066430365
10993,0.414667427700806
12463,0.5991229723449578
14067,0.3728469905845486
14766,0.268447926447152
5780,1.7615115050512031
11985,0.33750346260148945
16758,0.30028446933374653
11293,0.6734307346641799
15283,0.4649197294793339
13141,0.3937445551136989
1333,5.896954183576781
7728,0.955923988943141
2293,4.00803399655797
9094,0.31343294859561865
16933,0.30028446933374653
10690,0.5031746051618029
5579,1.4047711726461785
10079,0.4321889555658345
11844,0.41951850281566294
11538,0.7209042724143728
12900,0.24299330970552546
5036,1.9138569432043369
11992,0.38109842010544526
15627,0.36663645278986223
8704,1.0107944031269653
3551,2.340670505277558
10485,0.597680192223379
12325,0.34953030505948846
17755,-0.11556301306609384
4919,1.3113413710898385
13742,0.27072199538906716
7889,0.5457044268996469
5954,1.6069608206535122
7745,0.47670771802677336
3456,3.236634470195895
15577,0.658012850232808
6463,1.6511384400228053
3975,2.2115251239529243
4146,2.1315042625801652
843,16.1028925518267
15231,0.4422665066749687
11475,0.3054149143108589
16429,0.21934980080641253
13703,0.49861307723131176
1884,5.636485387382891
7118,0.7349225083244164
12071,0.3540237785100544
11773,0.5390469750791453
1007,10.826570892707423
13344,0.4882779439803926
7387,1.0536179852651912
13913,0.1752348641430217
4820,1.8740169778620839
2107,3.6859060234864955
8570,0.6721056287688043
16464,0.16029246863490698
7588,1.2860616270199898
11048,0.47992021297341125
542,16.304589169537394
7368,0.7183926476218403
2799,3.1383390489218073
12864,0.21347904726735578
8962,0.31343294859561865
9229,0.6447395847435473
14007,0.3207339702612444
16073,0.37014991488922533
2808,3.075584068356875
7946,0.976887021287439
6503,0.9263679099540241
9804,0.7634460851922995
2063,3.9915171203692807
12602,0.19795611266181368
3035,3.3287509671217776
3907,2.6737394362580744
6215,1.195364398118727
3106,4.999965585820064
10835,0.23777417332621553
5555,2.3763373244592003
9279,0.7988342204926084
2889,2.7275079999171794
3985,4.0828049020792605
17030,0.03848742747595679
8299,0.4638226158285761
14852,0.4770638028649046
10539,0.5797420012759176
2047,3.6601519617261147
4727,2.2058677740724306
3552,3.6824201727949912
16604,0.3114123932655275
14353,0.1752348641430217
3767,3.7541567229718567
17502,-0.25632265707372426
13752,0.28863042554166896
5918,1.7118625310113202
1635,7.708819612606931
6125,1.519916954931432
15334,0.4422665066749687
1486,5.351492991293526
1762,8.144356354810043
8837,0.3462184574937055
5668,1.3678198175266516
8207,0.47670771802677336
12941,0.17261382073866116
6384,1.4353164989961442
1576,5.479622435000238
4895,1.3678198175266516
2091,3.575387477781078
6517,1.625126593638015
16043,0.3775836089416771
10902,0.30473681525563734
11934,0.593786946164073
15740,0.36417181577871816
16210,0.24241755273124
9085,0.728447614180368
8972,0.6815758779057433
1659,6.275820456577094
12026,0.5828258875635584
786,13.264236794509088
14352,0.48801575806373876
11084,0.1847089921038787
7441,1.2668657662225087
1311,5.93333851173611
9836,0.8181640783959665
8551,0.931354540146458
9752,0.5591130538132347
8255,1.1509481289695032
17116,0.016056033932727587
17320,-0.00998590253493603
5084,2.258826344420413
14662,0.268447926447152
15270,0.2672863411180515
15628,0.4200552271950073
10091,0.2457191984040037
12199,0.2665486920714102
13132,0.21347904726735578
12259,0.32443025348129595
3428,2.300148158386037
16065,0.41651715352873
14906,0.49833248219601955
12397,0.19795611266181368
10482,0.239579933972891
14971,0.35394586094571423
16598,0.33159599726877786
7250,1.2668657662225087
13282,0.5143614935304868
11329,0.4647674146699501
6824,0.7349225083244164
4542,1.7407992647504216
4852,2.558708418103379
13829,0.23929877389036847
12702,0.5393638683608515
12192,0.32120599458085053
262,16.59392361405571
7723,0.9573460461479044
9247,0.8613830801632503
11839,0.1847089921038787
7783,0.47670771802677336
6564,1.4353164989961442
5451,1.1940301480581184
3951,3.909614657714883
2664,3.1479848095559646
13376,0.4706498061941602
11472,0.6485546552949017
7182,0.7854273086568355
10493,0.552242176549953
800,9.592161285953807
16603,0.17864517473663
10868,0.388432453059977
10833,0.597680192223379
14188,0.5114056457541665
1422,9.145928386512423
16382,0.2650370451710842
10797,0.4504231894907207
13260,0.5241734940509559
7923,0.5172860975553704
3010,4.636512290039718
3879,3.5981932327567847
4469,3.5782793634143673
9141,0.6139230554153983
41,48.28809793978235
7438,0.6541940891484046
11515,0.20264630301699071
4147,3.0554420785856564
12329,0.2743783814194103
16993,0.1337771295084167
595,12.423160732666474
6631,1.2468829238287071
16607,0.21868069168795046
13439,0.17261382073866116
10840,0.47686648614853766
4591,2.6100630661103423
10782,0.23842081616840005
17644,-0.09637009932612273
15129,0.31137180918176455
3211,2.8410918115996537
4096,3.124986627089129
6080,1.2690339016271537
2546,6.084233269561992
17832,-0.17600804308585793
414,17.191078863529583
10338,0.35502749086390395
3284,2.8410918115996537
9984,0.23777417332621553
12484,0.43656513895348326
8786,0.6629813209738131
9931,0.5232732763042804
1411,5.518266016996677
9204,0.3289523999492303
11913,0.38376743469507346
12022,0.3359768942982555
6062,1.6364011616979042
16282,0.3153678141470664
11387,0.38376743469507346
6351,0.997750101037127
10147,0.239579933972891
12724,0.47474311212226894
1629,4.705441823884939
2335,3.884797345840525
6490,1.183731650563459
2724,5.412409704048514
797,8.106549021301362
4646,2.1315042625801652
17020,0.15409575736794068
9112,0.6674828022887596
68,32.43890699835265
87,28.938770462868888
15446,0.4422665066749687
2548,4.220712198527508
15505,0.2522913351067473
16214,0.37014991488922533
12904,0.29018488365636586
16439,0.21934980080641253
441,12.581408462357103
5188,1.547147423801107
3604,2.9883788274537437
4138,1.6564249642042341
15352,0.25370027696135367
5310,1.6474335637549302
4570,3.2418743964453824
14491,0.4670034769596896
16451,0.2650370451710842
2761,4.2136247171301875
7856,0.9405299940126497
17959,0.5242570190066544
8121,0.5313751679577763
11568,0.3075684932309741
17414,0.08694155696593953
17094,0.14475900433262723
17267,-0.044121230867858685
5640,1.4591918043670375
15086,0.2672863411180515
17181,0.08205960962459358
3844,3.233016444014538
9267,0.32095880344513716
7194,1.2041865470391713
3887,2.7360515775008025
3103,4.7987243389079595
13873,0.290224422981737
16708,0.1326019705093131
6641,1.980308437327949
7509,1.3011532889368027
10078,0.4927584839724659
6279,1.8395171500606011
4397,1.7999419884808958
12979,0.21347904726735578
8940,0.8562690940607354
6492,1.0516670397564667
6575,1.9685676099843477
1530,8.65200124511557
2189,5.230170793119214
3533,2.360065578098329
2151,5.227941669291795
2595,6.518646661156708
5524,1.8248256678862163
13816,0.1752348641430217
1139,7.249908037528257
15899,0.4200552271950073
14458,0.3280526556782206
11611,0.38376743469507346
11369,0.7822181987075965
16045,-0.0005990972776999115
10891,0.6441280829758398
4008,3.2836577363277684
5483,1.2922168979721391
3871,4.24668197416122
7500,1.314282777589142
1858,7.558825674569562
7239,1.3671501494982294
14642,0.2605912215776698
5656,2.3466600616093274
11860,0.4012716721417746
4777,1.720329641096214
4450,1.678160472082709
17395,0.0855709944598857
16158,0.33158661346624285
7818,0.9483498476483874
6449,1.808015174538923
16889,0.08714446995963954
9852,0.3289523999492303
1427,5.3962978060963
13745,0.38373742497878993
13771,0.5115000039595543
6280,2.1400935105057215
12250,0.19795611266181368
11110,0.20264630301699071
13138,0.40558547224736685
1624,4.81216412611775
12065,0.17513263840464788
1626,4.8628621366597145
490,12.357315433416261
3942,3.53518852203797
2714,5.926184070261115
7806,0.47670771802677336
10304,0.507388034370706
4721,4.1940052943764385
2545,3.5444863933598754
8225,0.5172860975553704
11752,0.48487704308445245
9508,0.6163557496556678
7739,1.1122902200377212
7189,0.7684562938893578
6768,1.4243636498877095
13927,0.3064255546350978
6390,0.9263679099540241
11599,0.38612977858883824
8276,0.4899284974753755
17597,-0.051156148353584285
13540,0.2645718502180898
6088,0.9798407321804916
12310,0.19795611266181368
8852,0.47631057035414415
135,32.734376464796696
16518,0.27528648061797867
2295,3.6859060234864955
17501,-0.07601627237727371
1617,4.79708745588232
11805,0.20264630301699071
13253,0.3825204030299574
4350,3.060632677698777
2735,2.866842091753824
671,10.462275343104011
7566,1.2804084037788925
9181,0.47631057035414415
15810,0.1663339200649716
14741,0.45248878593065456
10721,0.5011620148043221
8800,0.7616412447541734
16470,0.35784848691855586
17098,0.03848742747595679
4316,3.1475024480396314
12490,0.41434904909783654
17398,-0.03669252585586946
17243,-0.05876138617077231
6660,0.9441463479752201
8933,0.3953014869375693
4249,1.6994558610977037
10013,0.239579933972891
7709,1.4246792732528775
11519,0.5054420364258476
6171,0.9798407321804916
11360,0.20264630301699071
5851,1.7462737986506909
4628,1.6342297643286656
5123,1.4947989417205463
12142,0.32842000493928936
7789,0.4638226158285761
231,32.420120382238565
6282,1.9871084465712556
2590,3.9268334315866014
17708,-0.10075053733726236
584,14.66174381617111
6718,1.2877300380796441
14216,0.4178924329326037
7688,0.6858823277079864
9175,0.504689042730206
12469,0.32842000493928936
8764,0.9688877157104798
7324,1.3370149627089631
4261,1.7407992647504216
16019,0.2145343233469248
10462,0.504215239649966
2442,6.222279532493303
4476,1.9092027904489441
4251,2.181116033375474
4857,1.3113413710898385
15166,0.351901851693583
7136,0.9426570298755905
5708,3.1919047132842024
12144,0.3277541817669771
17809,-0.14896145087823243
6422,0.9263679099540241
252,7.948400578615292
9994,0.23842081616840005
14800,0.4139683548391986
5540,2.8067002645339016
13840,0.290224422981737
13973,0.290224422981737
13525,0.5109652647961411
16625,0.21868069168795046
16896,0.30028446933374653
16037,0.33158661346624285
14580,0.4139683548391986
4421,1.9540046357806204
11140,0.39152547593130294
5858,2.0958645343353055
9509,0.6622490199379172
1555,12.672202434020619
10824,0.5506126525879154
8982,0.6832815503885286
2272,3.5444863933598754
1189,6.38892791159833
95,33.40872797129214
16611,0.141183686050681
15846,0.2847016121022534
7848,0.9483498476483874
12263,0.3540237785100544
13799,0.25240712638424156
12628,0.19795611266181368
1698,7.917103546577891
14538,0.4770638028649046
15206,0.2522913351067473
16435,0.15849995095868508
3369,3.2030469408282443
14346,0.25240712638424156
1882,4.81216412611775
17509,-0.11068492822869302
7154,1.4243636498877095
15883,0.36663645278986223
17033,0.12353737261673814
11181,0.3804002353181204
8286,0.6960334173354568
12704,0.3359768942982555
7029,1.2838057524286342
11465,0.3782235835396932
1321,5.88163276114301
5334,2.05553732777571
818,12.54596929076888
6421,1.183731650563459
16452,0.2527367175289328
11991,0.38109842010544526
88,24.53699042669996
5969,1.3150044888107004
7453,0.6541940891484046
12378,0.22132021536981483
15118,0.351901851693583
3514,2.7200489851975362
12500,0.5828258875635584
1478,5.622839436605318
17931,-0.12991843653708202
15146,0.2209213359392379
8398,0.9027681332599968
999,7.258682566106472
17287,-0.07137427499310434
5528,1.2729328512659777
16945,0.29735851669192925
12718,0.5347151359901545
16982,0.26225510945459973
4392,2.211905401964941
11330,0.3075684932309741
12308,0.2837418018361859
5120,3.358727339357756
15248,0.15760536477046116
2774,3.2035124828917105
3413,3.8248095589524382
11270,0.38612977858883824
2852,3.1383390489218073
2149,3.478440953557765
12577,0.6426433634560453
15452,0.25536180390645313
7938,0.9024951760375188
5943,0.9263679099540241
15026,0.24667417549517268
3803,3.5392989117908655
11287,0.6761017909093425
6484,1.7287812986405697
16665,0.21868069168795046
3395,3.5640807410027264
1034,7.263979555399601
16670,0.11186406003707816
7012,1.5544079035107643
10185,0.6259843889065451
6326,0.9263679099540241
221,26.395949801176357
210,29.81456979348968
1066,7.217361452982914
7685,0.7183926476218403
6900,0.9219126586331186
712,13.098095411806753
15411,0.2863416930931635
11263,0.17646320815129002
1661,5.88164698894343
16818,0.25714965139286505
3888,2.3207053208761863
2610,6.381370524592967
10585,0.239579933972891
6155,1.4157482284290381
1496,9.290260882590701
4695,2.1886449583989815
12379,0.1527901822273634
8384,0.4899284974753755
16915,0.17721652195632487
11786,0.4012716721417746
4892,1.8979842382550487
5624,2.161696153773846
2420,6.161650295246545
17271,-0.0014234997133826255
2932,2.9815054386936026
14985,0.2692614141060403
11096,0.553572575002363
8706,0.9507093535657987
6470,1.8577887982619359
8680,0.963012510867884
11265,0.3870147726529467
8406,1.0121160132339355
5299,1.2729328512659777
15237,0.41520820326422836
2037,4.891734304460442
17051,-0.06825686588763347
14668,-0.012656242156481312
15915,0.23851452325925493
17452,0.11265893156542006
4034,1.8189485742705074
12509,0.1527901822273634
12829,0.41434904909783654
11282,0.19341978697502782
7735,1.787694592007938
1395,8.547967337327464
9778,0.32095880344513716
17887,-0.14710882968120131
13080,0.3162765332426716
14720,0.37079749265922146
15960,0.5803033405763927
5144,2.4377218381860075
8003,1.0797467986349147
52,35.1296654602711
9933,0.23842081616840005
14633,0.4770638028649046
13610,0.5549922004220207
1074,10.568759545059038
12863,0.36769884238401573
9679,0.31343294859561865
7340,1.23122699085161
1038,11.29993129552986
17044,0.07331909517324675
3757,2.111402659917985
12212,0.5118165983813014
11425,0.19341978697502782
11857,0.3054149143108589
13509,0.3523697486243691
11610,0.19341978697502782
11131,0.44386807057253463
1727,6.815823743047986
5077,1.614733205075936
6624,0.9441463479752201
4233,2.992149433092891
9306,0.32095880344513716
9791,0.6954255633472712
329,14.926684489751096
14807,0.4511925281776712
8433,0.9395222344255671
2513,3.9268334315866014
1053,11.570592402757939
13491,0.3332948695106097
7647,0.871583313289193
7,74.02913536154028
13297,0.2896079402680698
8693,0.4638226158285761
10663,0.46249482345683646
2858,6.54797151312323
3377,2.3207053208761863
16113,0.4446416872751797
14914,0.29212031076258427
12430,0.1308683705765361
12006,0.32797364088128234
10654,0.23777417332621553
5926,1.5741847817344023
15134,0.22806405827304843
12831,0.3147677895003653
10541,0.239579933972891
12340,0.19795611266181368
11172,0.3870147726529467
1749,6.755088471451927
15402,0.40130265833158774
7435,1.1111278378675706
8025,0.5172860975553704
4680,1.8917567255857648
1223,9.592323887759449
245,17.652201728597902
4300,1.6564249642042341
6972,1.2668657662225087
10043,0.23777417332621553
3529,2.4323452641410768
8875,0.31343294859561865
14954,0.2662467335476322
8891,0.5830288360566556
1106,9.089451212931635
17733,-0.16614575814583077
12587,0.896825716242347
16693,0.17864517473663
3858,3.905352777707776
17508,-0.07850385409165028
11073,0.38800497011197876
2142,3.756245290235711
7533,0.6084050667059273
12104,0.17513263840464788
2490,4.845257253328782
6639,1.7287812986405697
9235,0.8167741436127471
13342,0.13216049773927807
9757,0.3953014869375693
7494,1.2808541992426399
6445,1.6071374279281372
14223,0.3207339702612444
12178,0.618657049905778
4850,1.6564249642042341
14364,0.35998681053115433
4184,1.8740169778620839
17978,0.9968472515874964
8637,0.869072003742076
14278,0.11148286956540687
11563,0.5315305116973832
16289,0.06026094862045284
14646,0.3280526556782206
11578,0.3909567203891129
4101,3.5839503918987248
12530,0.4498212908374626
15819,0.32839053150473774
6057,1.8286857642387986
17028,0.21580075024849066
4051,2.6476255231109462
13494,0.49325422409401654
5632,1.3303130227586735
17235,0.15409575736794068
14049,0.24964400399130682
4356,1.6564249642042341
5086,1.2729328512659777
12352,0.3359768942982555
10672,0.36897375825083145
7186,0.7349225083244164
12647,0.31188307052889286
6597,1.7076072295249105
11362,0.6821221439395231
16277,0.37771464652996656
13348,0.5014389160796782
16927,0.30028446933374653
3091,3.2820970833645333
13955,0.6448464621871608
10716,0.23777417332621553
2447,3.756245290235711
6468,1.7067958350826302
4589,1.8376226148402566
5104,2.3998602224755814
5652,2.3202009267415633
1088,6.823458723200929
4877,1.2729328512659777
12304,0.1527901822273634
14367,0.3280526556782206
290,17.635981781503688
16413,0.3043675287053702
11865,0.43640996130943677
8311,0.9589622240173412
5074,2.448538993391594
13650,0.17261382073866116
12024,0.398001519753052
9526,0.3289523999492303
15210,0.47925992604086787
11788,0.43640996130943677
14422,0.268447926447152
14357,0.2699992583484345
2449,3.575387477781078
13223,0.581046952583165
8874,0.6345215047849706
8623,0.9078937543827124
7774,0.9027681332599968
9743,0.4898937018815559
12854,0.3277541817669771
13602,0.5129923571448671
17219,-0.10916590603937948
6278,1.9479732127520037
2292,3.884797345840525
16599,0.14478032678835007
1212,7.2597965754985125
2887,3.342918863666455
9014,0.3289523999492303
9017,0.729954211013137
7219,1.9252014299208895
13766,0.34320747334732005
9249,0.7047574759062627
614,10.31069186147306
4426,2.9975295378108058
916,13.38905065137169
4362,3.541314160561342
1498,5.9886202359712115
9027,0.3289523999492303
12462,0.31848603172056755
17952,0.33591188854643406
10961,0.7218912757098224
623,10.514183103362484
378,14.940025121672988
4563,1.6994558610977037
6955,1.2194238543679603
4425,2.5001600075274837
3342,2.163014634433239
16295,0.1569269725414415
9773,0.9312980024487842
2871,5.2158836952739875
5721,1.2338539351485451
6069,1.9962425851708758
15985,0.2990920828860908
6802,0.7020412086430952
14424,0.45248878593065456
14087,0.31738834132647753
2211,4.05642492910647
17641,0.027717252755792288
3024,5.102426265003487
17510,-0.02414938609854289
1310,9.25298428502083
11010,0.19341978697502782
1009,11.152483173683322
8736,1.335508443823528
3653,2.163014634433239
6400,0.9086380572052803
17701,-0.06528984315536945
8380,0.4638226158285761
17511,0.10162595025485643
5841,0.9086380572052803
7384,1.3141255450545941
970,10.442657331136616
12513,0.36849238742524904
13095,0.26546762502857746
4313,2.886295116274596
4050,1.5883766444176217
17827,-0.17600804308585793
8985,0.6637526921267636
16044,0.20380998743439704
5749,1.614733205075936
5550,2.213955264022843
7945,0.8498093766183956
16726,0.26225510945459973
14639,0.45248878593065456
12994,0.3081444505123727
12461,0.1527901822273634
15714,0.23547433497969905
15806,0.4200552271950073
6033,1.4991472522169715
14655,0.4292565276055029
10790,0.388432453059977
10376,0.24327125333820732
2122,6.148738311087982
6590,1.105717082807132
10036,0.23842081616840005
9296,1.1620671488644803
8666,0.6721056287688043
10157,0.41309821989580087
16394,0.2527367175289328
8930,0.7456929277695963
4170,3.0759215868465617
13876,0.2736755534178883
2344,5.005799357292744
3910,2.2115251239529243
17487,-0.016472576690830465
9280,0.6734281504986939
8189,0.8728424143346274
2327,5.343589814860934
17222,0.14317467969613062
7505,1.380284188294354
15289,0.16587561753931368
4799,1.8376226148402566
16226,0.28262161996190116
1458,5.9886202359712115
12910,0.3368784550048076
9071,0.7634460851922995
16989,0.03848742747595679
11337,0.3075684932309741
7400,0.9219126586331186
14075,0.4599087239776054
9138,0.5378044101098567
10003,0.911429462693377
16563,0.18034199383055238
17179,0.03848742747595679
1940,7.558825674569562
4548,2.2337441886056695
15483,0.39853522306748346
5437,2.163621337299446
15620,0.33893912013172667
279,21.35444252581601
8351,1.1136919959471925
555,16.64991717333851
16143,0.28395002969864436
1351,4.464174956426177
4707,1.6994558610977037
8301,0.9800832716291552
11088,0.44640967506802554
11376,0.35589301235904713
2045,5.081980504489366
208,27.46609945272303
9620,0.3289523999492303
3094,2.8143209360432593
1107,11.514749349277736
5894,1.0336694503866966
13991,0.48801575806373876
13358,0.5117675370502184
14801,0.2692614141060403
14969,0.4511925281776712
17463,0.0855709944598857
1743,4.492256595863182
17580,-0.047142474332758866
2842,4.7033305152008325
16395,0.11186406003707816
9254,0.36497367087304156
798,6.584073271683337
12685,0.3341626505653039
16492,-0.8777847404408021
7365,0.7854273086568355
6408,0.9086380572052803
11398,0.153996898720834
14614,0.29137246956179297
17159,0.016056033932727587
8862,1.00395389109417
476,12.035134250990268
17639,-0.151784908600348
12617,0.47474311212226894
7330,0.8196884395119923
17433,0.06925487269199948
9681,0.32095880344513716
15669,0.32839053150473774
14796,0.23707333951551846
12610,0.43656513895348326
2939,5.412409704048514
5164,1.2922168979721391
11211,0.46247050492547714
9690,1.2684868648439078
2553,3.1503912534908523
13423,0.21347904726735578
9274,0.32095880344513716
9024,0.8888524593285183
15548,0.4200552271950073
1989,7.680415670577531
2298,3.6331760462135207
6413,1.980308437327949
13533,0.4721309210444815
14632,0.4880952245594017
5715,1.3491375933235759
7327,0.6234221535642064
11275,0.3075684932309741
17786,-0.2196242370946493
11264,0.20264630301699071
12270,0.43656513895348326
9612,0.7047574759062627
16536,0.17864517473663
676,10.445232565246442
13199,0.0920492122104406
13339,0.22290177209015383
16129,0.37014991488922533
8145,0.7100907898720834
15005,0.35998681053115433
17789,-0.12584646351660922
11433,0.4123763147445061
4800,1.6994558610977037
10858,0.6374840513099116
16974,-0.14899982461702166
11633,0.31114905986851227
11385,0.21243844752552832
496,12.535446142560431
1548,5.967664185752255
17372,0.11265893156542006
2088,4.861404247677456
17239,-0.044121230867858685
12190,0.17513263840464788
16486,0.16029246863490698
8836,0.36497367087304156
16761,0.30028446933374653
9160,0.7353409962897786
11,77.37770130480294
16688,0.3114123932655275
11426,0.20264630301699071
11720,0.4388535433326979
13994,0.27072199538906716
15269,0.3553315453909818
7676,1.2980815452401657
4639,3.0245611754298807
10850,0.23777417332621553
3039,5.4349257262229
10016,0.7659008019991234
9285,0.7456929277695963
7429,1.4241977661595229
13001,0.3332948695106097
4125,3.008784028964328
14617,0.4511925281776712
15625,0.46845750744341785
16291,0.28395002969864436
14241,-0.14199984364222473
5505,1.3303130227586735
6309,1.4157482284290381
1125,7.089000203443902
4566,1.6564249642042341
8931,0.3373828671292358
8371,0.5034624326372068
2110,3.869169201186196
6714,0.7516157220316018
7939,1.1378371927648914
551,15.817310440020265
4876,1.980365986041761
13929,0.38373742497878993
7318,1.1786804856028539
15171,0.31137180918176455
3792,2.1876427164252163
15197,0.4855678746180274
15314,0.5216044607086587
5327,1.2922168979721391
327,20.903033903662617
638,10.519027364754038
5774,1.755765506991338
13357,0.4706498061941602
3334,2.2115251239529243
8354,0.9862186002437738
15848,0.47075295385820937
12754,0.5828258875635584
5588,2.3998602224755814
17776,-0.20592519799447473
14824,0.4702371600515107
11218,0.1847089921038787
11965,0.17513263840464788
15417,0.27814161278092797
6114,1.1417006511337604
1988,7.853711822565856
5110,1.6311826501050746
1560,8.522508412251227
11677,0.38376743469507346
6204,1.8665491934161764
11977,0.32120599458085053
6997,2.373825142430178
11346,0.6734307346641799
4882,1.3491375933235759
7996,0.5602477710754101
16250,0.24241755273124
5283,1.8501536461344585
3287,3.3634650397516452
4938,2.3466600616093274
1596,4.348555227429642
15069,0.4719079048891217
336,16.099518605647063
7978,0.6721056287688043
532,13.753847290558951
35,60.78299285747289
7257,1.2985601311384016
13129,0.13216049773927807
13908,0.04796360246564291
17131,-0.06825686588763347
10605,0.23842081616840005
15965,0.4200552271950073
899,12.016809464767903
4758,1.5883766444176217
7828,0.9688877157104798
2899,5.422964977385163
16998,0.1843295988483078
11393,0.4309562959469986
7402,1.0367994478301625
269,17.7094653510876
3628,2.1876427164252163
6341,0.9441463479752201
2622,5.192932705432213
2291,3.6049357666934156
6199,1.8395171500606011
8191,1.0438820253557424
4744,1.678160472082709
10980,0.3870147726529467
15629,0.2847016121022534
5525,1.9588272632181543
9458,0.4058527821989628
17247,-0.06573101668891468
10886,0.5232732763042804
2203,5.0078569009428975
11278,0.19341978697502782
10923,0.3804002353181204
17144,0.193484168271425
3309,2.084356610627765
14870,0.4702371600515107
4910,1.423044797710645
6188,1.625126593638015
9032,0.7995772393996958
17859,-0.1097854376776013
6407,1.7343113110191553
14428,0.29212031076258427
3577,3.9690195375669646
558,10.029774012932648
1010,6.823458723200929
6905,0.7020412086430952
10413,0.8542445777429748
14073,0.6103237639117651
3142,5.013650278488967
11950,0.4889451318895226
14899,0.31234795663931436
537,18.688211304311153
5228,1.5426529121114072
1134,6.38892791159833
13013,0.3162765332426716
3935,2.2115251239529243
12909,0.2767622926230615
2811,2.6962723579499652
14497,0.2659336070801146
11729,0.5390469750791453
5538,1.4770638058480472
15301,0.271871876176192
8044,0.9507093535657987
8438,0.5034624326372068
6479,1.3150044888107004
7833,0.47670771802677336
15989,0.33893912013172667
3180,4.886677333583975
1717,4.920601920756781
9940,0.5057525532474756
14404,0.2662467335476322
17286,0.03568732830626686
5718,2.343200388219884
17702,-0.1121201837549961
3170,4.719928797182547
5293,2.2896030741403592
1067,10.627187145569224
15351,0.22806405827304843
7269,1.1111278378675706
11291,0.43739121774069645
13713,0.28863042554166896
17427,-0.0367520931567924
7795,0.5034624326372068
7309,0.7183926476218403
8416,0.7520144063901171
17737,-0.16614575814583077
1531,5.973728947953532
920,12.565385897477427
324,23.4461928471801
890,8.718037100567926
10124,0.5279023895791397
17697,0.1313361573020302
13331,0.507286225104508
17788,0.10911168668735627
10601,0.5629332659091233
15907,0.4721980954791434
14884,0.31234795663931436
14168,0.1752348641430217
9404,0.7162586692729747
8536,0.6048881065735259
469,15.010415104444292
7355,1.2808541992426399
11923,0.38072161416585004
7476,1.3551363092710744
1792,4.22177436412403
10822,0.5797420012759176
649,13.166410954728235
14303,0.2876495855171015
14479,0.29212031076258427
2829,2.915423719438877
10725,0.496410755659781
900,8.577744983064804
7442,1.2985601311384016
5393,1.3113413710898385
4931,1.4411850766273346
17507,-0.016472576690830465
2976,2.9603404318268076
2686,6.217426226613497
9731,0.504689042730206
719,12.512492993105298
12828,0.19795611266181368
17468,-0.047142474332758866
10940,0.4056421113500619
10162,0.5011620148043221
1710,4.458880077721005
5256,1.3491375933235759
13093,0.21347904726735578
16923,0.33763130080023984
11800,0.39152547593130294
13949,0.36602352799036453
6555,1.0336694503866966
872,13.279087694435475
16290,0.28395002969864436
1622,7.33254207981463
12146,0.17513263840464788
5440,2.009091248227378
12931,0.21347904726735578
13403,0.2971243724359738
596,16.08450579095461
17089,-0.06686169255681307
14235,0.48801575806373876
16266,0.28262161996190116
7964,0.4638226158285761
9406,0.729954211013137
13158,0.3042140776242377
9708,0.7456929277695963
9955,0.7771552724161666
4616,1.7805906023431817
15393,0.4289203132657349
3641,3.990262954591344
5040,1.4047711726461785
15336,0.2522913351067473
14821,0.2662467335476322
1594,7.738433529711074
7804,0.7744027497183197
12028,0.19795611266181368
11710,0.41951850281566294
1527,5.3962978060963
9486,0.6263744330799454
3857,2.2789760899986504
9205,0.6813504897299936
10933,0.3054149143108589
7935,1.041031703477529
12210,0.2516656519665048
3895,3.5829497648819597
8895,0.5591130538132347
9283,1.05496686555216
15588,0.2932292971536299
8082,0.6085164777550744
1022,10.725595552067716
9788,0.6345215047849706
7043,0.7684562938893578
6453,2.1118366714226795
11103,0.1847089921038787
2198,3.9393236686601085
7644,1.1111278378675706
12305,0.17513263840464788
3920,3.9663951027769144
14534,0.268447926447152
13485,0.43866094172790326
5162,1.1738111299864613
10317,0.23842081616840005
7146,0.8369401766549345
7283,0.6541940891484046
4560,1.6342297643286656
15087,0.5507099791075234
1097,14.577397600653967
16705,0.26225510945459973
7906,1.0410217318067225
7768,0.9027681332599968
8397,1.0686688045034316
10171,0.23777417332621553
9513,0.4898937018815559
1004,8.983354962955673
2977,4.9580777061864865
7513,2.22824921242227
12197,0.5817424519564156
16237,0.4614119849729832
6886,0.6699292031562436
11435,0.1847089921038787
10763,0.5279023895791397
10470,0.2485111171599783
12878,0.21347904726735578
6617,1.2307675347556142
1660,4.683580328143762
5910,1.5320766414961327
438,15.245628185149144
3974,2.652770892012086
9815,0.31343294859561865
6580,0.8909576158994241
16348,0.3202183697330838
10506,0.23777417332621553
6207,1.1596433432068807
15326,0.40130265833158774
12032,0.31546591678943514
783,13.467075859874058
17865,0.17421412798375968
14910,0.2841811929256437
17615,-0.1376474218986914
2064,3.756245290235711
3139,4.959874651235623
4171,2.4052681745242808
14732,0.594775537924761
2668,4.2906262239785065
17259,0.0855709944598857
16385,0.21934980080641253
7307,1.290923598907284
5793,2.3242965388353696
4410,1.8376226148402566
6848,0.6541940891484046
14347,0.4178924329326037
15643,0.37600028157339693
3728,2.1876427164252163
14829,0.2605912215776698
15382,0.3959675168052854
17504,-0.047142474332758866
16973,0.30028446933374653
5147,2.1839143609258826
8010,0.7473341901213644
811,8.640418431031321
15367,0.2522913351067473
11430,0.6320969728776618
15062,0.4422665066749687
15238,0.2876955102155989
13558,0.26214428349794616
5006,1.3303130227586735
11446,0.3921516667260221
8997,0.6974479089485612
9135,0.4898937018815559
7682,1.3057665262394949
954,7.2381451251794715
7148,1.0066824537798311
3643,2.7308350546454676
4886,1.7503636984847617
15175,0.2209213359392379
5438,1.2922168979721391
7596,1.1524525209033527
11674,0.43640996130943677
4865,1.3678198175266516
13418,0.49669711968545016
4005,4.098968046034315
12318,0.32470402399212617
4529,2.305017054729433
6681,1.2902700548957
7615,0.6234221535642064
8155,0.5172860975553704
14723,0.39671419901878835
2492,3.6049357666934156
7313,1.2959125092393151
16288,0.2450561120358543
15022,0.4460774379340364
13067,0.21347904726735578
1358,7.612581304377272
6927,0.8025109365744356
17583,-0.04675734801185172
10548,0.5360143706138842
1848,7.558825674569562
5300,2.3053867443968556
5907,0.9441463479752201
1730,5.807993039722533
17648,-0.20827932714655617
9720,0.5701876412649654
8769,0.976887021287439
17269,0.08694155696593953
12443,0.17513263840464788
8436,0.47670771802677336
14894,0.47951485934117954
7705,1.5203962782698
11237,0.44640967506802554
9651,0.6882664372760701
4482,1.5646742087128587
16689,0.32503283259302407
3996,2.3207053208761863
2364,4.862667511436484
13004,0.2676282161528434
14716,0.5290561143128798
4597,3.1855318627794986
11560,0.4975005345995669
12557,0.3648373786645607
11407,0.3801300713794262
5261,1.694876072740044
11832,0.48363508709098824
12196,0.32617607153315475
5211,1.3491375933235759
9634,0.8888524593285183
3675,3.669896640895786
17565,-0.04675734801185172
11240,0.3868931316474118
5682,2.5359623832928264
4692,2.5912089470957653
510,12.483091792441883
12894,0.328505499333005
1241,8.139752838033928
6396,1.920987341444743
14763,0.268447926447152
3550,2.163014634433239
9451,0.8167741436127471
717,14.075863048886276
9066,0.5701876412649654
5782,1.706554101184338
772,8.248232756727703
2580,3.6049357666934156
11770,0.4056421113500619
14119,0.48801575806373876
9364,0.3289523999492303
8151,0.797713069719066
8661,1.0910571412905483
3709,3.8483808398386827
12684,0.32797364088128234
7472,0.7183926476218403
12312,0.3750973076248556
4600,2.70428038976479
7972,0.5313751679577763
4447,2.280168929683896
2644,3.2364098969201223
1372,5.093460116587266
15191,0.3553315453909818
16201,0.3153678141470664
14822,0.3305239097071535
8270,0.7744027497183197
2326,6.74221270376529
6074,1.0156949122547303
8719,0.9241650616395418
1057,12.99367741934202
379,13.845499289244799
1497,9.091751969900542
17249,-0.03669252585586946
150,28.061924937633194
8596,0.955923988943141
13858,0.25240712638424156
11667,0.1847089921038787
3505,4.6387493697993705
9707,0.32095880344513716
11239,0.39152547593130294
17381,-0.05183089167167054
3635,2.6187213099919973
3236,3.356394172814362
1609,4.882918534546661
11219,0.41951850281566294
340,14.953565934521066
17080,0.016056033932727587
9769,0.6800858623910244
12625,0.2837418018361859
11523,0.16115985250598897
13412,0.2877070491495033
16258,0.28395002969864436
8715,0.8498093766183956
7960,0.8604612241479117
16241,0.4366770097922199
10661,0.6652121725719553
10283,1.223596156946769
123,25.158045917663003
6025,0.8557432886818788
2767,2.7575678310395233
14727,0.2662467335476322
5965,2.267255228784961
3660,3.9630589927337496
16142,0.2450561120358543
7305,0.6234221535642064
17280,-0.03669252585586946
5491,2.0891244719323367
5722,2.258826344420413
8841,0.6345215047849706
5480,2.3542471968403333
13993,0.45690464306335343
15260,0.2531854998896961
6567,1.7343113110191553
15138,0.25536180390645313
7202,0.6386882898668773
17912,-0.10158916155614861
11169,0.20264630301699071
16963,0.30028446933374653
9865,0.9318436598341577
5419,2.3955738232552903
13127,0.3825204030299574
13374,0.31095340305273567
3770,3.163656871184685
892,8.766036700996665
17941,0.20321215147941984
1324,5.8077776988802725
7632,0.7183926476218403
3301,2.137611456929335
17795,0.10911168668735627
11648,0.5168092089670608
1290,5.622839436605318
15189,0.43744866787255887
16403,0.3754604200412359
4722,2.106596152437305
17791,-0.20171685753939528
7417,0.6858823277079864
5703,2.5812014401026318
17229,0.01744982837135467
16022,0.3630984868041196
12221,0.1527901822273634
154,21.036030397161994
561,17.268535857991992
9814,0.3373828671292358
2073,6.487000478730806
3267,5.373642597792241
7678,1.2194238543679603
5532,2.4375753078065827
1725,4.941923049985235
2652,2.8916077681578827
8883,0.6873943959735698
10870,0.36897375825083145
7089,1.2282865766037503
9121,0.7162441574191689
11878,0.38612977858883824
3361,2.234690180929647
14176,0.2736755534178883
8214,1.000795422122792
7071,0.7183926476218403
4650,1.9263623781525894
17595,0.012234353786880092
17430,-0.05183089167167054
4213,3.310696848763655
3930,2.1876427164252163
7679,1.2392358344814056
17428,-0.05876138617077231
15827,0.25189681453503
11798,0.3947611157282154
10584,0.5109937175084269
14966,0.48388382688517595
11014,0.584838590891195
8711,0.4899284974753755
16268,0.2145343233469248
9545,0.3373828671292358
15822,0.26072713147095783
8720,1.0596102971112487
8974,0.6949556554764058
5864,0.9263679099540241
1459,8.994949454377092
14013,0.45178432369084476
14322,0.38373742497878993
7385,1.2832391117126463
1809,4.024397646376201
16112,0.24087132693330204
13819,0.30770723193654703
16548,0.2650370451710842
16140,0.21395748546365212
3936,4.304681674403582
14848,0.3280526556782206
17126,0.037638491726283974
8701,0.4391449721633762
12660,0.398001519753052
9820,0.32095880344513716
1238,5.034580453154376
3279,2.786492354346592
14990,0.3190883501783901
7794,0.5172860975553704
10264,0.23777417332621553
4315,2.9144245809957283
13673,0.28635015311101597
16196,0.20500571147294977
9009,0.6813504897299936
10547,0.4321889555658345
13827,0.4234824325330919
6299,0.9441463479752201
11138,0.19341978697502782
9134,0.620314346867417
6029,1.9918189676473048
3494,4.055792283602386
14854,0.37079749265922146
9930,0.7216057751875269
5109,2.7249443727569087
14663,0.29212031076258427
12895,0.27688834830860287
11743,0.5168092089670608
7702,0.9300448048970793
1250,9.543057513074928
4764,2.2879784079859746
5892,1.9699268101112466
13452,0.17261382073866116
17730,-0.11556301306609384
477,10.129189787840915
12932,0.4419008512495566
10277,0.23777417332621553
10859,0.25160282204615214
2519,6.232195531440993
16615,0.2527367175289328
4858,1.5123941144856872
8049,0.9316599873718587
14245,0.4982768802665305
14336,0.2823754050050411
17345,-0.05183089167167054
3215,2.7275079999171794
4530,3.006821777687037
9142,0.37482546973933495
13550,0.2042266669386663
3441,2.137611456929335
13632,0.17261382073866116
1960,8.935403221913475
387,14.745052428123927
17814,-0.10080095306966541
1901,4.94566088123338
3667,4.098455140651822
6497,1.087699905126101
11339,0.553572575002363
3258,3.058241890591489
13635,0.4419008512495566
10153,0.6511525124815307
10241,0.24327125333820732
15593,0.47923788309071824
12799,0.19795611266181368
9785,0.8731042448862354
14596,0.2692614141060403
16211,0.44457554112250364
4440,1.7999419884808958
14750,0.17312393039264862
13802,0.4747716347783353
14325,0.2736755534178883
10981,0.4647674146699501
4733,2.742745004144126
7582,1.9103172057011761
13666,0.2921332673113284
11724,0.20264630301699071
13478,0.2645718502180898
10365,0.5506126525879154
12107,0.3221937610223904
3475,2.137611456929335
17306,-0.05876138617077231
2578,6.541774966936828
10220,0.23777417332621553
101,38.017516585424346
17841,-0.17600804308585793
6332,0.9263679099540241
17217,0.08205960962459358
2924,4.737798534472859
9999,0.6166753019724638
4131,1.6564249642042341
11083,0.395298930795434
1393,9.813376264531144
1707,6.755088471451927
10066,0.5087488051294713
3011,3.1915552061045673
14911,0.30113259448353347
938,6.605951155209368
15861,0.3900429811592403
17026,0.16345137101689033
9503,0.31343294859561865
11055,0.5638917315454819
10492,0.23842081616840005
3424,3.2836577363277684
7684,0.6858823277079864
156,20.915758675983852
2,90.36574363851923
5053,1.5980957792280606
7093,1.437414054119472
9287,0.729954211013137
16512,0.15849995095868508
5647,1.5298452739307322
2228,3.7775145491405056
15433,0.2522913351067473
13922,0.2823754050050411
6018,1.4157482284290381
17086,0.01744982837135467
3295,3.0922413217422218
5493,2.0720482395272484
7871,1.6981816664201688
6420,1.5901617126301062
341,14.947594678197675
10435,0.44031000246559415
16994,-0.06686169255681307
11953,0.19795611266181368
6008,0.9086380572052803
14227,0.38694170756298263
30,44.41325086623783
6791,0.7020412086430952
10353,0.5506126525879154
10550,0.44031000246559415
1873,4.308199202824653
11474,0.3824461966878516
5698,2.3087217666334254
495,12.535446142560431
16110,0.41437468019739754
12773,0.3277541817669771
14174,0.485110094713491
17765,-0.151784908600348
5397,1.3303130227586735
13755,0.290224422981737
16371,0.5582800875135945
15994,0.23851452325925493
7333,0.7516157220316018
4134,2.888562631394052
12505,0.46772114251598396
10099,0.5032406720647487
16215,0.21395748546365212
7238,1.3591642325272915
9302,0.3289523999492303
7091,0.7516157220316018
16806,0.24524257379471237
878,9.930011480480061
15329,0.2672863411180515
16020,0.43552360172998306
9278,0.3462184574937055
1181,6.6540025357908235
16126,0.28262161996190116
518,12.50143939575446
4742,1.7608811332038385
17233,0.016056033932727587
10039,0.597680192223379
5947,0.9441463479752201
1663,4.79708745588232
27,46.77263661575216
6327,1.818165360085004
14043,0.3632131545973607
9117,0.3953014869375693
1890,7.185313490635053
16552,0.3643470485631042
4808,1.8376226148402566
13586,0.2877070491495033
12187,0.398001519753052
12112,0.19795611266181368
4187,1.6994558610977037
1721,5.88164698894343
5412,2.5081701520912247
9747,0.47631057035414415
8928,0.32095880344513716
8348,0.9936758033591104
6676,0.6858823277079864
14157,0.2651059113532028
7294,0.6084050667059273
8569,0.5034624326372068
3810,2.5120563952814337
11451,0.553572575002363
10610,0.239579933972891
4770,1.8189485742705074
15397,0.47925992604086787
14471,0.4770638028649046
10711,0.24327125333820732
12962,0.3332948695106097
2727,4.538620790271125
13715,0.22533406764796382
16190,0.5047705104743727
1481,7.837733193410713
15258,0.2876955102155989
7175,1.0096250150900232
17192,0.11453055819674773
17640,-0.16614575814583077
11068,0.37263832286498655
2930,5.074007460761095
47,53.69332414666951
8203,0.47670771802677336
11723,0.39837395737504266
5220,2.26091465850277
12600,0.2743783814194103
14033,0.11148286956540687
821,13.561912499660139
4394,2.0080462475025342
6993,1.5664082368466552
10427,0.4001341818520814
7411,1.0907826857737746
15821,0.19613611974364176
5578,5.551488669990249
129,31.91087328182857
15759,0.45139226086848794
11592,0.1847089921038787
3425,2.3789113502143664
7890,0.5034624326372068
3290,2.938323717179628
9840,0.938188961889864
12228,0.31546591678943514
46,48.757258162085236
898,9.718437413678657
14062,0.4178924329326037
10295,0.5032406720647487
9022,0.808506108981419
7381,1.4595192125789254
13711,0.26762662570854445
7687,0.6858823277079864
13687,0.485110094713491
15783,0.36882102365871106
13443,0.4706498061941602
10251,0.23842081616840005
2232,3.4064181153889876
1703,7.317572929569906
7201,0.6541940891484046
11946,0.36363034154874185
17544,0.10162595025485643
14715,0.2605912215776698
15313,0.2350192398416766
11983,0.3277541817669771
15123,0.2522913351067473
17547,-0.02414938609854289
13220,0.6877113611199093
14890,0.4582691970144879
11332,0.7416142491938444
17920,-0.013228980856183625
16108,0.4366770097922199
12465,0.32470402399212617
9115,0.6345215047849706
1529,8.882798144194567
2253,5.827998951391237
5586,1.5298452739307322
6193,1.7872119080429911
8317,0.956259326100735
3415,2.137611456929335
2223,3.6601519617261147
9755,0.7757845906244256
5126,2.368736867451844
6116,1.291740589026631
2812,2.9815054386936026
10629,0.5485255435933141
6152,1.8618640975337257
5663,1.2534814614054994
4371,1.8917567255857648
3141,4.985220346397
13043,0.26546762502857746
1388,5.68366501393848
7717,0.9498188733641655
16305,0.3775836089416771
11876,0.46512456020082027
1966,4.891734304460442
14114,0.26771538178672927
15881,0.26072713147095783
10223,0.5414425612043487
8751,0.9371554941690192
8753,1.0433936561394148
6469,1.6433000945480671
1061,6.6540025357908235
8929,0.6637526921267636
10922,0.19341978697502782
715,10.351841363794847
9704,0.6734281504986939
7027,0.9062653941373355
17451,-0.11079180541764799
2639,3.0922413217422218
17951,0.11587432886790339
5005,2.05553732777571
5651,2.3466600616093274
6325,1.8028982647747398
6923,0.7684562938893578
11624,0.1847089921038787
7035,0.6858823277079864
11021,0.19341978697502782
17416,-0.0014234997133826255
15425,0.2672863411180515
9709,0.7616412447541734
10866,0.47686648614853766
15023,0.2605912215776698
8859,0.36497367087304156
6559,1.8395171500606011
5140,1.547147423801107
1033,10.863011169662968
593,15.469925856953523
17693,-0.1924205957830054
3933,2.084356610627765
1915,3.852923181141705
5367,1.423044797710645
11664,0.38612977858883824
16487,0.2650370451710842
2093,3.4432012681872948
17230,0.1843295988483078
6214,1.71766160387142
9412,0.6345215047849706
4864,1.5123941144856872
1826,3.790948203147309
13160,0.36769884238401573
15828,0.3135475379976924
751,13.482021168275423
13198,0.17261382073866116
16392,0.22028832281739597
8938,0.3373828671292358
12230,0.31409154168886744
4400,1.8917567255857648
7197,1.5953179893558627
1702,6.991215349117738
8717,0.9361517664665371
3932,2.7584180193671273
3867,2.6452490732272054
17551,-0.07799227756095206
2810,4.512942124522851
3745,2.2115251239529243
2627,4.8398624393312275
7612,1.2120224497712115
2265,3.575387477781078
3458,4.641315491696332
5376,1.3863634302770151
5316,2.5719331680820687
4674,3.3341071962868227
12374,0.2665486920714102
9797,0.31343294859561865
15422,0.3553315453909818
10783,0.496410755659781
6427,1.0336694503866966
14878,0.3190883501783901
17491,-0.11691739462457917
4710,1.678160472082709
15561,0.36966300722724554
4336,1.720329641096214
7241,0.6699292031562436
14626,0.31234795663931436
3089,4.119307692680195
16530,0.38087001495750883
6954,0.6699292031562436
11904,0.37946196358916495
12601,0.5081853397068699
8664,0.5457044268996469
3077,5.655770781836509
12211,0.31893297475926374
14376,0.2627015588050199
15121,0.4855678746180274
13181,0.27688834830860287
8582,0.9168263369292617
11325,0.5873957938247258
5527,2.3278057321085726
1248,11.515075163116308
2169,4.3713053822948496
881,10.259679621937721
10169,0.5629332659091233
124,24.570994411232277
11153,0.38966751465795824
9961,0.501222014013365
12491,0.3540237785100544
2392,6.309664408851859
14455,0.2692614141060403
5124,1.5123941144856872
12919,0.49325422409401654
2518,3.1503912534908523
14965,0.29212031076258427
17559,-0.024940902973867196
10481,0.44031000246559415
14139,0.23929877389036847
6059,0.9086380572052803
14579,0.37079749265922146
2917,4.484565158455553
17207,0.01744982837135467
2148,3.852683188642004
2356,3.6859060234864955
90,29.63345234080134
17284,-0.03669252585586946
14297,0.45690464306335343
103,35.81719173502006
16754,0.1326019705093131
8907,0.9935045513639125
493,12.409972609494616
11927,0.3804002353181204
17180,-0.06686169255681307
10551,0.23842081616840005
5394,2.0104274865088883
9771,0.32095880344513716
6501,0.9619715553135393
12300,0.398001519753052
9729,0.3462184574937055
11722,0.19341978697502782
5562,2.0891244719323367
2415,3.5444863933598754
7943,0.4512948022211276
10320,0.239579933972891
1860,4.877874051156141
6447,2.402597716741184
13859,0.27072199538906716
6870,0.6541940891484046
10225,0.47686648614853766
4252,1.720329641096214
14963,0.3190883501783901
4242,3.1595004541604794
12050,0.483410917281617
17796,-0.2230250013699333
2572,3.4432012681872948
8533,0.4638226158285761
5619,1.5980957792280606
16660,0.38087001495750883
17459,-0.05876138617077231
15294,0.15760536477046116
4588,3.9620010011576596
9308,0.3462184574937055
654,10.11155698049788
7824,0.42739289869223285
15284,0.2863416930931635
11649,0.37892075589934393
3043,2.8143209360432593
11327,0.14708820343093976
15922,0.40954325960137794
17052,0.1843295988483078
11637,0.45310942129526666
17541,-0.11068492822869302
12170,0.4498212908374626
9875,0.4979342529195492
14190,0.3782820483620526
10507,0.6020672732929597
17699,-0.16614575814583077
11962,0.36772392033981305
11806,0.38800497011197876
12802,0.3359768942982555
9697,0.31343294859561865
13155,0.21347904726735578
1062,11.252125274980244
6194,1.1637650151105845
9533,0.6263744330799454
4495,5.273609871918779
6499,1.345709588597856
15940,0.46845750744341785
1510,5.304508664136847
973,10.101345254094667
11935,0.3909567203891129
5304,1.2534814614054994
4986,2.3202009267415633
926,11.971901882229758
1881,8.056777495222377
5786,1.2468829238287071
9474,0.32095880344513716
1786,4.5829251624027165
16134,0.21395748546365212
10271,0.23777417332621553
5010,1.2534814614054994
6790,1.3355608434949318
15384,0.4719079048891217
16366,0.15749290270923666
6304,1.105717082807132
646,10.47143432523535
8741,1.5244643347987221
11107,0.38685366821391654
12934,0.297641183574342
4334,2.1886449583989815
14383,0.0801857179367289
9521,0.3373828671292358
17864,-0.004662535852730798
2874,3.075584068356875
1961,4.9436654109749725
16983,0.000914420264052751
8657,0.955923988943141
8310,0.8269872215687428
7299,0.8470204104896766
4234,1.6342297643286656
10415,0.506055109931367
5643,2.459333891173628
7673,1.380284188294354
3941,2.234690180929647
11091,0.30473681525563734
4905,1.2729328512659777
14074,0.34320747334732005
15878,0.21017587213009392
6875,0.6858823277079864
549,15.953557214809734
10681,0.47686648614853766
14785,0.37079749265922146
3686,3.746667001797505
16576,0.3643470485631042
7252,1.3057665262394949
4020,1.8917567255857648
1841,4.936822276607018
15338,0.2761927956571526
10350,0.6511525124815307
5825,1.7149791972415187
8067,0.4638226158285761
5666,1.3303130227586735
12561,0.1308683705765361
9976,0.23842081616840005
15910,0.32839053150473774
4638,2.8633850762425936
5705,2.26091465850277
11419,0.46512456020082027
1315,5.654103911722814
10280,0.5170079588433509
1506,5.88163276114301
3878,2.3207053208761863
16084,0.2642273044957619
381,14.838171921678622
370,12.298846648315703
16127,0.4366770097922199
8881,0.620314346867417
13573,0.29707160420093714
7379,1.7480943625350847
170,20.98692102212317
16624,0.3114123932655275
14575,0.29212031076258427
10215,0.23777417332621553
5087,1.2922168979721391
6777,0.6234221535642064
12119,0.1527901822273634
6999,0.8025109365744356
17012,-0.011748792901016714
6851,0.6699292031562436
15447,0.351901851693583
6610,0.9441463479752201
14088,0.42523415847335855
1039,7.231615564015556
6183,0.9263679099540241
10410,0.8099543312864625
15469,0.25536180390645313
5827,1.9232844572843533
16999,-0.015689801449298102
2522,3.575387477781078
15855,0.22292520088831225
2785,4.309140635975382
17735,-0.16614575814583077
10918,0.46512456020082027
17263,-0.05876138617077231
13623,0.4706498061941602
4815,1.7805906023431817
3328,2.0564405614213683
9734,0.7583279352993486
2005,4.127337471444662
5728,1.4047711726461785
4260,1.720329641096214
1262,5.948073886503153
891,8.577744983064804
7085,1.290715656273278
509,12.282321432278877
7310,0.7020412086430952
1745,4.941923049985235
3886,2.3207053208761863
6474,1.7062710300970139
12817,0.5083838747241316
7749,0.9507093535657987
11661,0.19341978697502782
15993,0.2932292971536299
2667,5.067893211898081
225,17.72913896235059
17000,0.01744982837135467
2358,3.982367422447169
15116,0.2522913351067473
14229,0.22357437524351553
6353,2.2594548867500635
7413,0.7020412086430952
7855,0.955923988943141
15516,0.3553315453909818
11810,0.3075684932309741
10057,0.4001341818520814
11668,0.7249765156748254
14265,0.31059908246697887
3921,2.137611456929335
12322,0.32120599458085053
14272,0.4614330426493325
385,13.429593831097918
14607,0.23788810392670712
3404,3.1009073472168893
7068,1.3355608434949318
246,20.850685751634046
1979,4.1755876506076675
2446,5.166660987729301
11195,0.1847089921038787
261,24.06763300500552
6319,1.0696800506420914
15067,0.40130265833158774
5865,0.9086380572052803
12875,0.3081444505123727
13167,0.5117675370502184
2777,3.2464304467512193
11053,0.7258403161404203
17380,-0.03669252585586946
10814,0.8038352907033186
14134,0.22533406764796382
4871,2.47003491151645
6816,1.2194238543679603
16047,0.17629873122223216
2116,4.00803399655797
15293,0.15760536477046116
16347,0.21395748546365212
14014,1.0095804790335023
13252,0.3070145600659089
7896,0.8604612241479117
8037,0.955923988943141
3311,4.02670875279091
16120,0.41651715352873
5187,1.3678198175266516
9307,0.8800370934704915
17748,-0.12709958286632173
12003,0.398001519753052
6505,0.9619715553135393
17421,-0.06231831718741887
3856,2.163014634433239
7742,0.6200092335393492
11631,0.553572575002363
15635,0.297498562785222
4302,1.5883766444176217
1162,13.16128269877754
7899,0.47670771802677336
3122,4.696700606081322
14187,0.8718680191605017
7648,0.9219126586331186
17441,-0.07137427499310434
3115,3.360752745867103
7104,1.2120224497712115
6306,1.363204126952951
1810,4.945875629950933
1222,5.896954183576781
13107,0.2901387842184704
16948,0.26225510945459973
13517,0.17261382073866116
790,10.832126517075267
5639,2.6748766711179996
8353,1.1378371927648914
8889,0.32095880344513716
1030,7.2442496814119295
9498,0.3373828671292358
10717,0.239579933972891
13787,0.1752348641430217
9696,0.3289523999492303
5646,2.7916881383216605
12897,0.5361154782667654
7293,1.2725321327388883
16666,0.2717096079113617
15504,0.15647775390334573
16904,0.3436558161929497
11351,0.38369625114228256
8505,0.4899284974753755
4893,2.122682418180375
13077,0.17261382073866116
8131,0.4899284974753755
14698,0.4139683548391986
13015,0.13216049773927807
5282,3.008519700627403
9867,0.5701876412649654
7602,0.6858823277079864
1584,5.828217185619906
919,13.03412000893968
3659,3.618458889127396
16016,0.2450561120358543
12901,0.3937445551136989
17138,0.07046439719215414
12681,0.4196158392669531
17341,-0.07137427499310434
3174,3.1383390489218073
13627,0.38097765113434434
7477,1.0367994478301625
8795,0.31343294859561865
2478,3.36804091581962
4684,3.060778356660194
11960,0.398001519753052
5577,1.8921432123324848
8901,0.7458249457349666
9328,0.31343294859561865
484,11.506186502084347
16682,0.038524998720276926
4881,2.3230515519762776
9476,0.6263744330799454
15349,0.2876955102155989
14843,0.4124280020268998
10573,0.5680889722143547
15601,0.32839053150473774
11289,0.4433795952181754
5912,0.9086380572052803
16753,0.13573333975091373
2349,5.734413165534534
16472,0.34703835138589056
8777,0.32095880344513716
11587,0.1847089921038787
3900,4.442069955112856
10827,0.239579933972891
7376,0.6699292031562436
7862,1.3650693259050968
6009,1.7135662817536286
15309,0.39853522306748346
3854,2.4969805388618624
2525,5.041573008123123
8585,0.9483498476483874
927,8.897268386202086
4841,2.612433848474211
9803,0.6949556554764058
1289,5.9924004925424015
16743,0.027538841838577355
2494,3.1975387612556005
5953,1.0336694503866966
7157,1.2698010168687688
6616,1.6923886131780819
9342,0.6949556554764058
17007,0.15409575736794068
17806,-0.1097854376776013
17939,0.059420880957077316
5114,2.2027551425135243
13613,0.5006195037794896
9084,1.061920968088998
8446,0.983016679733737
6596,1.4157482284290381
3463,3.927669122408588
6537,0.997750101037127
15174,0.2522913351067473
17560,-0.15149188552732085
16830,0.25604038540132024
6379,1.1417006511337604
1948,5.4224375431304
5845,1.195364398118727
9581,0.47631057035414415
8190,0.6656694384300863
13503,0.3070145600659089
5713,1.4947989417205463
17932,-0.15095081404342636
10583,0.239579933972891
7149,1.346481289082476
10726,0.49648723819791485
17907,-0.15867690106006194
6356,1.7076072295249105
17130,0.11453055819674773
10759,0.24121065063172864
7876,0.47670771802677336
8705,0.5034624326372068
14051,0.3207339702612444
17522,-0.07799227756095206
1526,12.031363053364657
13248,0.4349378003689708
9470,0.3462184574937055
22,60.96411851756511
10609,0.23777417332621553
12302,0.6367887908572811
11509,0.3909567203891129
5783,1.865880119185931
4771,1.6564249642042341
2137,3.575387477781078
3633,2.3789113502143664
8295,1.1697680689476329
9919,0.23842081616840005
1552,7.516840131226672
3944,2.137611456929335
17266,0.03568732830626686
5490,2.5103781486259322
14296,0.27072199538906716
9454,0.46396629308674164
17778,-0.10080095306966541
3865,4.2530481908770525
12821,0.2743783814194103
5935,0.9441463479752201
8264,0.7100907898720834
13612,0.21347904726735578
10135,0.47686648614853766
5459,1.4770638058480472
9878,0.49889145683937386
17308,0.05031439997856069
15924,0.49775356427653605
15758,0.37600028157339693
6148,1.0336694503866966
1455,10.19319018805345
6487,0.8557432886818788
11998,0.4498212908374626
5354,1.423044797710645
1024,11.345096162324808
6963,0.9641965285272818
5151,2.251268966640964
10604,0.24121065063172864
11778,0.5926845260410118
13631,0.5117675370502184
12923,0.26214428349794616
16641,0.17864517473663
13313,0.3523697486243691
10471,0.6795365840962404
16458,0.23758338763673237
7842,0.4638226158285761
362,14.95803291163702
11171,0.31114905986851227
1235,5.88163276114301
14779,0.2692614141060403
11440,0.16115985250598897
9942,0.9646808227198562
981,7.1794559000127265
9687,0.6842734153187848
1833,9.000137540876494
16009,0.4460013978105053
9078,0.5701876412649654
13075,0.3523697486243691
3332,2.360065578098329
10897,0.7152195167154787
4472,3.4383402883331655
15039,0.24667417549517268
10787,0.44031000246559415
7459,1.2246275987281479
2407,3.852683188642004
14946,0.4582691970144879
4974,1.2534814614054994
17763,-0.11905402763568418
3079,4.9061582254880705
15761,0.2932292971536299
10643,0.24121065063172864
102,34.05102357944361
14900,0.31234795663931436
6346,1.7983380448649768
5301,2.189844688350604
11191,0.19341978697502782
8427,1.0880200352921747
17571,-0.11763243228688225
15777,0.44663630423838185
2794,5.422964977385163
12422,0.3277541817669771
14828,0.5863684243677199
14295,0.5491521908343202
10890,0.19341978697502782
13191,0.2645718502180898
669,9.39098090861171
5800,0.9441463479752201
2254,3.982367422447169
7277,0.7020412086430952
6070,0.8733264167249217
1846,4.61016145429403
15781,0.26072713147095783
7304,1.389500286409202
9043,0.7456929277695963
6454,2.2658246066430365
4333,2.5337699158926625
15670,0.36893025492190645
5013,1.5298452739307322
17117,0.14317467969613062
13340,0.17261382073866116
14286,0.1752348641430217
45,46.526201932641015
14395,0.22941301010450843
9906,0.6047019594634548
17290,-0.041522624894241744
7038,0.7684562938893578
6554,0.8733264167249217
1777,4.1755876506076675
12183,0.6303562595430776
2375,5.411626203233936
17727,-0.13793834231819346
14709,0.29137246956179297
11793,0.396094157812513
6690,1.0716123433385292
6704,1.2985601311384016
12940,0.27688834830860287
15884,0.23851452325925493
10327,0.24121065063172864
12531,0.32714394782396994
7714,0.5749782163957207
12215,0.5118165983813014
3329,3.830457501347155
15448,0.47925992604086787
4555,1.720329641096214
17761,-0.1121201837549961
2945,2.7275079999171794
1306,4.5458461918688045
6897,0.8369401766549345
50,53.35780971354052
2177,3.7775145491405056
201,28.466978232704605
9123,0.6263744330799454
10745,0.24121065063172864
4645,2.176512024562726
4119,1.7999419884808958
14269,0.23929877389036847
8456,0.6228267654087176
7849,0.9507093535657987
11194,0.3593155998905786
14355,0.45690464306335343
3071,2.7575678310395233
10574,0.24327125333820732
14268,0.23929877389036847
1604,4.348555227429642
3734,2.300148158386037
5465,1.5642946270681932
2050,5.861770452044766
17593,-0.11691739462457917
17855,-0.1097854376776013
131,29.730378031098553
965,7.016482800879203
11011,0.3868931316474118
6440,1.709390627126595
12492,0.5112239426753149
166,20.85741068284642
6958,0.7349225083244164
2337,3.7977576894054437
253,7.948400578615292
3235,3.0018492235622034
6586,0.9619715553135393
13972,0.45690464306335343
14219,0.4234824325330919
3780,2.7200489851975362
16078,0.2450561120358543
7589,1.2246275987281479
10910,0.17646320815129002
1349,5.518266016996677
2310,3.5121865804985646
14369,0.3516353713976059
12241,1.8942723780573942
11442,0.414667427700806
7114,1.0066824537798311
17124,-0.10916590603937948
9038,0.4898937018815559
17946,0.28094313498695556
4110,1.7999419884808958
8266,0.47670771802677336
3321,2.137611456929335
3696,3.965104395299022
9910,0.6325763423092212
13817,0.38373742497878993
197,11.400567196317752
1192,6.05631597777483
8766,1.0121160132339355
6775,1.23122699085161
1103,6.895455960672734
14324,0.494796414416669
15931,0.19996303319658182
1709,7.362903170084792
8162,0.9395222344255671
7545,0.6541940891484046
3580,2.8123786252263017
9091,0.6447395847435473
2025,7.9440721093351385
2802,2.7275079999171794
14451,0.5335216473404216
10554,0.5189154771369431
14301,0.38373742497878993
17488,-0.1376474218986914
3991,4.0947236047950355
17599,-0.024940902973867196
4126,3.048721915315582
8053,0.7305700956576402
7617,1.6983298741406543
14697,0.3280526556782206
16338,0.10564180161327386
7947,0.7473341901213644
971,6.38892791159833
2927,2.9603404318268076
5387,1.2922168979721391
8289,0.5172860975553704
9601,0.3289523999492303
1304,5.304508664136847
1196,6.959637338143693
14777,0.2662467335476322
7129,0.7516157220316018
16493,0.24847808818685735
3983,2.360065578098329
516,12.49297182324608
11969,0.1527901822273634
16378,0.3630984868041196
14778,0.2605912215776698
9673,0.7456929277695963
13447,0.3162765332426716
1156,12.384813114863391
9310,0.3064048240348711
3735,3.9586758477025796
17898,-0.07104115586753323
8018,0.5172860975553704
15895,0.4258063993484029
11576,0.395298930795434
14955,0.2662467335476322
49,43.349363887559775
4009,2.234690180929647
5857,0.9619715553135393
9969,0.239579933972891
10957,0.20264630301699071
15230,0.2863416930931635
5521,1.3113413710898385
3392,3.601052907420126
17711,-0.13793834231819346
3090,4.00945511937698
12885,0.6877113611199093
14146,0.2929320331322742
7737,0.47670771802677336
17741,-0.185693392729263
14438,0.4139683548391986
2350,3.1503912534908523
13851,0.270628942887015
2493,3.869169201186196
14628,0.20811545969354484
11665,0.39152547593130294
8108,0.4638226158285761
6566,1.087699905126101
12507,0.17513263840464788
2671,3.8004042964248583
13625,0.4419008512495566
14499,0.45248878593065456
8444,0.6048881065735259
17224,0.193484168271425
13235,0.27688834830860287
4948,1.3113413710898385
6166,1.7227245666445015
2429,4.059469339933457
13137,0.3081444505123727
10524,0.506765772691324
15788,0.36966300722724554
13763,0.28092219314657996
13145,0.21347904726735578
4787,2.908347193327245
7178,0.8828383804220721
5207,1.423044797710645
4751,2.7234170145611643
13708,0.4234824325330919
17743,-0.1924205957830054
6763,1.3236033243601923
4688,1.6564249642042341
7432,0.7516157220316018
13746,0.25240712638424156
5315,1.7748597067266019
1409,8.737427085959098
1261,7.373985856168474
14975,0.29137246956179297
16663,0.38087001495750883
11478,0.35589301235904713
5362,2.26091465850277
5535,2.225753199186329
16765,0.25604038540132024
3903,2.300148158386037
11660,0.49544724464885803
13565,0.17261382073866116
2319,3.756245290235711
7554,1.2985601311384016
15986,0.32839053150473774
7651,1.0581150748703294
11058,0.38376743469507346
15496,0.3570927094851868
9045,0.9971363798549646
10825,0.5170079588433509
9284,0.7616412447541734
7638,1.0716123433385292
13369,0.5549922004220207
975,11.757252990363668
3185,6.803988338005183
7839,0.4899284974753755
16230,0.44457554112250364
1277,5.034580453154376
6289,0.997750101037127
9693,0.6954255633472712
7977,0.9392896794824992
15632,0.4203618986075526
1704,6.410379337889935
8458,0.4638226158285761
17331,-0.4973261273398748
14141,0.24964400399130682
13606,0.4787434485997437
10340,0.483632092175867
8712,0.4899284974753755
15074,0.44370434967368055
1285,5.896954183576781
6702,0.9918664807710229
6985,1.2676764018697213
824,8.743467197274185
12640,0.5118165983813014
14094,0.1752348641430217
3208,3.075584068356875
8422,0.4391449721633762
13725,0.1752348641430217
13255,0.4706498061941602
9493,0.6848441064657891
7003,1.2925380964015858
17692,-0.13793834231819346
4417,3.1962387843968827
10372,0.5718480611767518
1070,8.24255204785095
6882,1.422588512717084
9584,0.7456929277695963
8688,0.9483498476483874
34,53.389034620494385
15925,0.32839053150473774
1637,4.74550917972465
12311,0.19795611266181368
9959,0.4504231894907207
7306,0.7020412086430952
13325,0.21347904726735578
8102,0.5313751679577763
17732,-0.22083929556447401
5131,2.4377218381860075
8674,0.9837894345992027
14350,0.23929877389036847
5160,1.423044797710645
16747,-0.4966303845239963
4177,1.5883766444176217
10122,0.23777417332621553
1802,7.337691810426804
10229,0.2485111171599783
13117,0.578062290050184
15549,0.36966300722724554
1140,11.995332609528305
13275,0.3332948695106097
3869,2.702803787965422
3794,2.2115251239529243
6111,1.7397306973589366
15663,0.2847016121022534
5942,0.9798407321804916
15423,0.44370434967368055
514,12.282321432278877
11069,0.38376743469507346
17458,0.06691644222973991
9750,0.3289523999492303
2955,3.0214011889993344
11858,0.5390469750791453
13952,0.2823754050050411
14401,0.37079749265922146
11676,0.6241071327176542
8130,0.4899284974753755
13757,0.45690464306335343
3372,3.8248095589524382
13280,0.0920492122104406
14431,0.4139683548391986
12974,0.36769884238401573
13811,0.5264948422636735
11038,0.38966751465795824
15435,0.28027584492610913
13241,0.2901387842184704
12982,0.5897452515500845
7142,1.2668657662225087
16442,0.16029246863490698
13229,0.21347904726735578
1176,7.164165652452539
17,52.75868605233791
8150,0.9566744866688168
16051,0.21395748546365212
666,9.235324630034484
15280,0.7615661765385084
7771,1.266701859517525
13907,0.28863042554166896
11114,0.8440610622064924
13203,0.13216049773927807
10077,0.5414425612043487
16825,0.28462112958823127
2104,6.242886576140336
912,10.78174636670974
5787,0.997750101037127
9505,0.3289523999492303
7326,1.2673915108398432
16771,0.17721652195632487
3806,4.6373252012645025
364,14.177527176886542
7258,0.9219126586331186
16251,0.08055479042468505
5692,2.26322282761339
7352,0.8369401766549345
10567,0.239579933972891
6970,1.4747754137069933
17821,-0.2196242370946493
8158,0.7100907898720834
16502,0.15849995095868508
665,9.985295534702345
6317,1.709390627126595
11389,0.47992021297341125
203,25.061820760726732
1274,8.408461582243945
6600,1.0156949122547303
11956,0.36363034154874185
6467,1.6504877362758634
15110,0.2863416930931635
17916,-0.15095081404342636
6736,0.6699292031562436
15364,0.4422665066749687
9240,0.3462184574937055
15634,0.2932292971536299
8713,1.0755898370343857
4423,1.6994558610977037
10,68.13426620054179
2827,2.7575678310395233
6115,1.6504877362758634
9431,0.7059511999477763
2678,3.2974102121524993
9003,0.3289523999492303
10637,0.6140022956542452
3201,5.424101451856586
420,19.136269665593318
6491,0.9619715553135393
8508,0.9589622240173412
1476,5.351492991293526
6042,1.0156949122547303
17279,-0.0014234997133826255
11121,0.1847089921038787
7963,0.5749782163957207
6921,1.389500286409202
7285,0.9019709706635695
16821,0.17721652195632487
6455,1.105717082807132
2325,5.745184427339154
10000,0.44264925668630895
4517,1.7805906023431817
6909,0.6858823277079864
3140,3.1383390489218073
16752,0.2081991500535878
11932,0.1847089921038787
4240,1.720329641096214
12077,0.4196158392669531
6683,0.6858823277079864
11238,0.5168092089670608
397,18.844576093718388
6109,1.087699905126101
17096,-0.06825686588763347
15853,-0.2220607228400695
6607,1.0696800506420914
11726,0.44640967506802554
14306,0.23929877389036847
6430,0.9263679099540241
14323,0.45690464306335343
14994,0.2605912215776698
2793,3.0018492235622034
13609,0.40558547224736685
13918,0.24200255707637552
16966,0.28462112958823127
3508,2.137611456929335
2920,5.2450660741242245
7916,1.5226390779871508
14684,0.5880048088811236
2233,3.7339129881011104
1912,4.5829251624027165
7279,0.6699292031562436
531,17.06303604097866
7366,1.2985601311384016
56,40.09476166797049
5021,2.343200388219884
8659,0.9477908468552414
5217,1.423044797710645
7143,0.6541940891484046
15721,0.32839053150473774
14299,0.38373742497878993
2585,6.6293528071701076
17657,-0.1371359582471996
12114,0.5720516005758327
14564,0.268447926447152
229,27.69395258473469
15264,0.2522913351067473
4557,2.0686097613152015
5979,0.9798407321804916
4153,1.678160472082709
8523,1.1245536477226779
759,10.259679621937721
4408,1.7999419884808958
16732,0.2888439858552374
16631,0.2650370451710842
17253,0.5932281343948489
16028,0.28262161996190116
4927,1.726181770144649
8080,0.4391449721633762
5061,2.3466600616093274
4043,3.7510210926639047
14488,0.2605912215776698
17321,-0.022160974341204565
3407,2.3789113502143664
6785,1.3056316975134905
14125,0.4897297748912024
15065,0.5307738814526601
3445,2.1876427164252163
16426,0.27528648061797867
12236,0.19795611266181368
2738,2.9603404318268076
3820,3.4557102978660623
4475,3.0014312871289803
7897,1.0433936561394148
15536,0.2863416930931635
10478,0.24327125333820732
4659,2.0311482257538955
12289,0.17513263840464788
4562,2.2306134068212486
6489,1.767863652997221
17698,-0.11905402763568418
10390,0.5234209933851162
10631,0.5057525532474756
1511,5.93333851173611
8738,0.42739289869223285
7511,0.6541940891484046
7207,0.7854273086568355
16321,0.4366770097922199
14706,0.2662467335476322
8491,0.5313751679577763
9483,1.1363836368482225
1706,8.359156537838317
1129,11.218343184446894
613,9.836631104256412
11682,0.19341978697502782
12701,0.19795611266181368
2154,3.9136006365524736
6164,1.9685676099843477
2144,7.4814145173522775
3178,3.0018492235622034
4189,1.8740169778620839
4470,1.8740169778620839
15509,0.2350192398416766
2560,3.7775145491405056
953,12.936219784453897
17520,-0.7827773718372555
14115,0.1752348641430217
11450,0.4975005345995669
1575,5.8077776988802725
5155,1.498973358139665
10204,0.23777417332621553
7929,0.931354540146458
17610,-0.3926783774068099
1608,4.726070709141823
2346,3.6331760462135207
4926,2.1067941529481686
13304,0.3937445551136989
10259,0.36897375825083145
707,9.718437413678657
8485,0.4391449721633762
2409,8.70894056414636
6753,1.1524525209033527
8514,1.2431681981406655
15991,0.22292520088831225
10982,0.38612977858883824
4884,2.4375753078065827
16788,0.10534116335929866
16099,0.44457554112250364
5250,1.423044797710645
7446,0.9426570298755905
14138,0.328237892584184
10230,0.47648998016393307
4945,1.2922168979721391
11498,0.4012716721417746
1877,8.581309156522366
8391,0.5313751679577763
12514,0.33876833387421357
6980,0.8889309716732896
3387,2.257165120362515
1675,7.707702903667268
13532,0.3523697486243691
1716,7.707702903667268
10836,0.6511525124815307
15702,0.2932292971536299
2756,3.3287509671217776
5517,1.5123941144856872
2041,3.8170105361286915
9558,0.31343294859561865
3136,2.938323717179628
6813,1.215600221717068
436,11.354722334858707
9554,0.6447395847435473
5149,1.632388836697828
8802,0.32095880344513716
5337,1.5123941144856872
4971,1.726181770144649
6967,0.9219126586331186
12096,0.3221937610223904
2604,4.034463924414922
14726,0.268447926447152
5439,1.3491375933235759
16883,0.10122168923862773
11652,0.45310942129526666
14349,0.2769154238894771
10222,0.25160282204615214
17396,-0.05876138617077231
10126,0.239579933972891
9861,0.3289523999492303
9266,0.32095880344513716
1734,8.271976615150379
10332,0.24121065063172864
2001,7.483369001915889
5289,2.423127151364497
14584,0.37079749265922146
15439,0.29659147315487644
2053,6.360022829344416
7777,0.7696563829749721
1063,7.066453651482334
4114,1.678160472082709
9953,0.5414425612043487
10452,0.23842081616840005
4716,2.1315042625801652
6477,1.6071374279281372
8048,0.960433338558687
2725,3.0922413217422218
9445,1.4886046353722122
13794,0.23929877389036847
12790,0.5347151359901545
1259,5.8077776988802725
2980,4.842615805116111
10770,0.6140022956542452
4455,2.7234170145611643
14287,0.270473339959608
3874,3.9687690393411685
7210,0.6858823277079864
15906,0.25189681453503
17344,0.2598235675750402
16449,0.34703835138589056
5880,0.8733264167249217
17397,0.03568732830626686
7922,1.0072575749518364
17291,-0.2022797562813139
11520,0.5564764824384838
3704,2.137611456929335
5,78.24463472146545
6026,1.2483094509379953
2024,5.461553312678916
6776,0.7684562938893578
13224,0.297641183574342
9242,0.32095880344513716
6435,1.0156949122547303
12254,0.311338651049482
15975,0.37600028157339693
4575,1.7805906023431817
372,14.922745123681125
515,10.913941261745094
4093,1.8740169778620839
2675,2.6962723579499652
8531,1.4143687780606342
17486,-0.15149188552732085
392,22.141787001085504
7580,1.7901738523514723
398,15.905389011118132
12425,0.3277541817669771
5584,1.2922168979721391
4629,2.0538659458406983
6123,0.9798407321804916
664,10.514838945885458
4238,3.2305124256595263
